{"cameraMode":{"drawMode":0,"name":"Shaded","section":"Shading Mode"},"sceneLighting":false,"audioPlay":false,"sceneViewState":{"m_AlwaysRefresh":true,"showFog":true,"showSkybox":false,"showFlares":true,"showImageEffects":true,"showParticleSystems":true,"showVisualEffectGraphs":true,"m_FxEnabled":true},"in2DMode":false,"pivot":{"x":-0.47641852498054507,"y":-0.214447021484375,"z":0.08159560710191727},"rotation":{"x":-0.0689752995967865,"y":0.9289843440055847,"z":-0.22321629524230958,"w":-0.28706222772598269},"size":10.920249938964844,"orthographic":false}